Model,Cost,Quality,Delivery,Support,Topsis Score,Rank
A,250,7,3,8,0.5550133176893407,2
B,200,6,4,7,0.20829249225911434,4
C,300,9,2,9,1.0,1
D,275,8,3,6,0.3687776280598042,3
